-- phpMyAdmin SQL Dump
-- version 5.0.2
-- https://www.phpmyadmin.net/
--
-- Servidor: 127.0.0.1
-- Tiempo de generación: 12-05-2020 a las 01:22:23
-- Versión del servidor: 10.4.11-MariaDB
-- Versión de PHP: 7.4.4

SET SQL_MODE = "NO_AUTO_VALUE_ON_ZERO";
START TRANSACTION;
SET time_zone = "+00:00";


/*!40101 SET @OLD_CHARACTER_SET_CLIENT=@@CHARACTER_SET_CLIENT */;
/*!40101 SET @OLD_CHARACTER_SET_RESULTS=@@CHARACTER_SET_RESULTS */;
/*!40101 SET @OLD_COLLATION_CONNECTION=@@COLLATION_CONNECTION */;
/*!40101 SET NAMES utf8mb4 */;

--
-- Base de datos: `tienda`
--

-- --------------------------------------------------------

--
-- Estructura de tabla para la tabla `admins`
--

CREATE TABLE `admins` (
  `id` int(11) NOT NULL,
  `username` varchar(50) NOT NULL,
  `password` varchar(50) NOT NULL,
  `name` varchar(50) NOT NULL
) ENGINE=InnoDB DEFAULT CHARSET=utf8;

--
-- Volcado de datos para la tabla `admins`
--

INSERT INTO `admins` (`id`, `username`, `password`, `name`) VALUES
(1, 'adminm', '123456', 'Admin M');

-- --------------------------------------------------------

--
-- Estructura de tabla para la tabla `carro`
--

CREATE TABLE `carro` (
  `id` int(11) NOT NULL,
  `id_cliente` int(11) NOT NULL,
  `id_producto` int(11) NOT NULL,
  `cant` int(11) NOT NULL
) ENGINE=InnoDB DEFAULT CHARSET=utf8;

--
-- Volcado de datos para la tabla `carro`
--

INSERT INTO `carro` (`id`, `id_cliente`, `id_producto`, `cant`) VALUES
(50, 1, 10, 1);

-- --------------------------------------------------------

--
-- Estructura de tabla para la tabla `categorias`
--

CREATE TABLE `categorias` (
  `id` int(11) NOT NULL,
  `categoria` varchar(255) NOT NULL
) ENGINE=InnoDB DEFAULT CHARSET=utf8;

--
-- Volcado de datos para la tabla `categorias`
--

INSERT INTO `categorias` (`id`, `categoria`) VALUES
(2, 'Tecnologia'),
(3, 'Alimentos'),
(5, 'En linea');

-- --------------------------------------------------------

--
-- Estructura de tabla para la tabla `clientes`
--

CREATE TABLE `clientes` (
  `id` int(11) NOT NULL,
  `username` varchar(255) NOT NULL,
  `password` varchar(255) NOT NULL,
  `name` varchar(255) NOT NULL
) ENGINE=InnoDB DEFAULT CHARSET=utf8;

--
-- Volcado de datos para la tabla `clientes`
--

INSERT INTO `clientes` (`id`, `username`, `password`, `name`) VALUES
(1, 'maru', '123456', 'Maru Chan'),
(2, 'tobi', '123456', 'Triki Trakes'),
(5, 'test', 'test', 'test');

-- --------------------------------------------------------

--
-- Estructura de tabla para la tabla `compra`
--

CREATE TABLE `compra` (
  `id` int(11) NOT NULL,
  `id_cliente` int(11) NOT NULL,
  `fecha` datetime NOT NULL,
  `monto` float NOT NULL,
  `estado` int(11) NOT NULL
) ENGINE=InnoDB DEFAULT CHARSET=utf8;

--
-- Volcado de datos para la tabla `compra`
--

INSERT INTO `compra` (`id`, `id_cliente`, `fecha`, `monto`, `estado`) VALUES
(6, 1, '2020-05-04 17:50:37', 1360, 1),
(9, 1, '2020-05-05 16:27:23', 2360, 0);

-- --------------------------------------------------------

--
-- Estructura de tabla para la tabla `pagos`
--

CREATE TABLE `pagos` (
  `id` int(11) NOT NULL,
  `id_cliente` int(11) NOT NULL,
  `id_compra` int(11) NOT NULL,
  `comprobante` varchar(255) NOT NULL,
  `nombre` varchar(50) NOT NULL,
  `fecha` datetime NOT NULL,
  `estado` int(11) NOT NULL
) ENGINE=InnoDB DEFAULT CHARSET=utf8;

--
-- Volcado de datos para la tabla `pagos`
--

INSERT INTO `pagos` (`id`, `id_cliente`, `id_compra`, `comprobante`, `nombre`, `fecha`, `estado`) VALUES
(5, 1, 6, '025121207.png', 'MARU CHAN', '2020-05-04 17:51:21', 1);

-- --------------------------------------------------------

--
-- Estructura de tabla para la tabla `productos`
--

CREATE TABLE `productos` (
  `id` int(11) NOT NULL,
  `name` varchar(255) NOT NULL,
  `price` float NOT NULL,
  `imagen` varchar(255) NOT NULL,
  `id_categoria` int(11) NOT NULL,
  `oferta` int(11) NOT NULL,
  `descargable` varchar(255) NOT NULL
) ENGINE=InnoDB DEFAULT CHARSET=utf8;

--
-- Volcado de datos para la tabla `productos`
--

INSERT INTO `productos` (`id`, `name`, `price`, `imagen`, `id_categoria`, `oferta`, `descargable`) VALUES
(1, 'Aceite', 1000, 'Aceite533.png', 3, 0, ''),
(4, 'Cebolla', 200, 'Cebolla963.png', 3, 0, ''),
(6, 'Leche', 1000, 'Leche718.png', 3, 50, ''),
(7, 'Zanahoria', 400, 'Zanahoria148.png', 3, 10, ''),
(10, 'Secreto del mundo', 1000, 'Secreto638.png', 5, 0, '719Secreto del mundo.txt');

-- --------------------------------------------------------

--
-- Estructura de tabla para la tabla `productos_compra`
--

CREATE TABLE `productos_compra` (
  `id` int(11) NOT NULL,
  `id_compra` int(11) NOT NULL,
  `id_producto` int(11) NOT NULL,
  `cantidad` int(11) NOT NULL,
  `monto` float NOT NULL
) ENGINE=InnoDB DEFAULT CHARSET=utf8;

--
-- Volcado de datos para la tabla `productos_compra`
--

INSERT INTO `productos_compra` (`id`, `id_compra`, `id_producto`, `cantidad`, `monto`) VALUES
(17, 6, 10, 1, 1000),
(18, 6, 7, 1, 400),
(23, 9, 10, 2, 1000),
(24, 9, 7, 1, 400);

--
-- Índices para tablas volcadas
--

--
-- Indices de la tabla `admins`
--
ALTER TABLE `admins`
  ADD PRIMARY KEY (`id`);

--
-- Indices de la tabla `carro`
--
ALTER TABLE `carro`
  ADD PRIMARY KEY (`id`);

--
-- Indices de la tabla `categorias`
--
ALTER TABLE `categorias`
  ADD PRIMARY KEY (`id`);

--
-- Indices de la tabla `clientes`
--
ALTER TABLE `clientes`
  ADD PRIMARY KEY (`id`);

--
-- Indices de la tabla `compra`
--
ALTER TABLE `compra`
  ADD PRIMARY KEY (`id`);

--
-- Indices de la tabla `pagos`
--
ALTER TABLE `pagos`
  ADD PRIMARY KEY (`id`);

--
-- Indices de la tabla `productos`
--
ALTER TABLE `productos`
  ADD PRIMARY KEY (`id`);

--
-- Indices de la tabla `productos_compra`
--
ALTER TABLE `productos_compra`
  ADD PRIMARY KEY (`id`);

--
-- AUTO_INCREMENT de las tablas volcadas
--

--
-- AUTO_INCREMENT de la tabla `admins`
--
ALTER TABLE `admins`
  MODIFY `id` int(11) NOT NULL AUTO_INCREMENT, AUTO_INCREMENT=2;

--
-- AUTO_INCREMENT de la tabla `carro`
--
ALTER TABLE `carro`
  MODIFY `id` int(11) NOT NULL AUTO_INCREMENT, AUTO_INCREMENT=51;

--
-- AUTO_INCREMENT de la tabla `categorias`
--
ALTER TABLE `categorias`
  MODIFY `id` int(11) NOT NULL AUTO_INCREMENT, AUTO_INCREMENT=6;

--
-- AUTO_INCREMENT de la tabla `clientes`
--
ALTER TABLE `clientes`
  MODIFY `id` int(11) NOT NULL AUTO_INCREMENT, AUTO_INCREMENT=6;

--
-- AUTO_INCREMENT de la tabla `compra`
--
ALTER TABLE `compra`
  MODIFY `id` int(11) NOT NULL AUTO_INCREMENT, AUTO_INCREMENT=12;

--
-- AUTO_INCREMENT de la tabla `pagos`
--
ALTER TABLE `pagos`
  MODIFY `id` int(11) NOT NULL AUTO_INCREMENT, AUTO_INCREMENT=6;

--
-- AUTO_INCREMENT de la tabla `productos`
--
ALTER TABLE `productos`
  MODIFY `id` int(11) NOT NULL AUTO_INCREMENT, AUTO_INCREMENT=21;

--
-- AUTO_INCREMENT de la tabla `productos_compra`
--
ALTER TABLE `productos_compra`
  MODIFY `id` int(11) NOT NULL AUTO_INCREMENT, AUTO_INCREMENT=29;
COMMIT;

/*!40101 SET CHARACTER_SET_CLIENT=@OLD_CHARACTER_SET_CLIENT */;
/*!40101 SET CHARACTER_SET_RESULTS=@OLD_CHARACTER_SET_RESULTS */;
/*!40101 SET COLLATION_CONNECTION=@OLD_COLLATION_CONNECTION */;
